month,incident_count,action_Malware,action_Hacking,action_Social,action_Physical,action_Misuse,action_Error,action_Environmental,action_Unknown
2010-01-01,14,0,1,0,1,2,10,0,0
2010-02-01,51,0,2,1,21,4,24,0,1
2010-03-01,44,2,1,1,12,3,24,0,4
2010-04-01,42,0,1,0,8,6,25,0,3
2010-05-01,55,0,1,0,16,3,37,0,2
2010-06-01,48,0,0,0,8,5,34,0,1
2010-07-01,49,0,1,0,8,3,34,0,3
2010-08-01,52,0,4,0,14,4,30,0,1
2010-09-01,45,0,1,0,10,5,28,0,1
2010-10-01,44,0,2,1,11,3,24,0,3
2010-11-01,48,0,7,0,17,7,14,0,3
2010-12-01,45,1,3,2,21,5,13,0,5
2011-01-01,38,0,5,0,11,7,8,0,8
2011-02-01,28,0,3,0,5,3,12,0,6
2011-03-01,37,0,5,1,8,7,15,0,2
2011-04-01,36,0,4,0,9,8,11,0,4
2011-05-01,28,0,3,0,5,6,13,0,1
2011-06-01,38,1,5,2,9,6,17,0,3
2011-07-01,37,2,5,0,12,11,6,0,2
2011-08-01,37,1,2,0,6,17,12,0,1
2011-09-01,30,1,1,0,6,11,11,0,0
2011-10-01,29,2,3,0,2,11,11,0,0
2011-11-01,58,3,6,3,12,18,17,0,1
2011-12-01,46,2,9,1,14,5,17,0,1
2012-01-01,89,1,31,0,13,16,27,0,4
2012-02-01,64,1,29,1,10,10,13,0,2
2012-03-01,93,2,26,2,15,18,30,0,5
2012-04-01,56,1,12,2,16,10,17,0,1
2012-05-01,78,4,19,0,19,15,21,0,2
2012-06-01,51,4,8,2,12,10,17,0,2
2012-07-01,72,3,9,1,22,14,22,1,5
2012-08-01,53,4,6,1,11,13,18,0,2
2012-09-01,35,4,7,0,11,5,10,0,1
2012-10-01,71,2,10,1,15,18,25,0,3
2012-11-01,74,0,9,2,17,11,33,0,2
2012-12-01,54,8,14,2,15,7,15,0,1
2013-01-01,129,7,35,4,23,23,35,1,8
2013-02-01,107,9,23,1,34,10,29,0,3
2013-03-01,100,11,18,5,20,17,41,0,1
2013-04-01,89,5,22,0,24,12,26,0,1
2013-05-01,109,5,27,2,12,14,52,0,2
2013-06-01,61,2,14,1,11,19,16,0,1
2013-07-01,83,5,26,3,20,11,24,0,3
2013-08-01,117,4,43,4,34,12,26,0,3
2013-09-01,131,4,72,2,23,12,19,1,3
2013-10-01,122,6,60,5,20,10,26,0,5
2013-11-01,89,8,35,4,23,14,14,0,2
2013-12-01,68,5,21,3,17,6,17,0,2
2014-01-01,57,3,21,3,11,13,8,1,3
2014-02-01,90,7,36,6,18,5,26,0,2
2014-03-01,79,3,38,0,13,12,19,0,1
2014-04-01,70,2,34,0,10,11,15,0,1
2014-05-01,58,5,17,4,11,3,18,0,4
2014-06-01,67,9,22,5,17,9,16,1,1
2014-07-01,43,3,11,0,15,0,17,0,1
2014-08-01,47,4,8,1,20,4,11,1,0
2014-09-01,42,3,6,0,9,13,14,0,1
2014-10-01,39,2,7,1,12,7,11,0,0
2014-11-01,39,3,4,3,12,8,12,0,2
2014-12-01,24,2,3,2,3,8,9,0,0
2015-01-01,37,6,10,2,6,10,9,0,2
2015-02-01,31,4,6,4,6,5,9,1,0
2015-03-01,41,4,10,4,9,11,9,0,1
2015-04-01,46,5,8,5,8,6,17,0,2
2015-05-01,46,6,14,2,4,11,15,0,2
2015-06-01,50,2,7,2,9,13,21,0,0
2015-07-01,56,4,14,3,9,15,19,0,1
2015-08-01,49,7,13,3,14,9,13,0,1
2015-09-01,43,2,9,1,12,7,15,0,0
2015-10-01,58,2,13,4,12,15,17,0,1
2015-11-01,50,1,15,1,14,6,18,0,1
2015-12-01,74,5,17,3,23,8,26,0,1
2016-01-01,64,10,23,7,12,10,17,0,3
2016-02-01,67,9,25,9,10,12,18,0,2
2016-03-01,58,14,11,6,18,8,10,0,0
2016-04-01,43,8,18,9,10,5,8,0,1
2016-05-01,50,10,18,9,6,6,16,0,0
2016-06-01,62,3,18,4,14,14,20,0,1
2016-07-01,69,9,31,2,10,12,24,0,0
2016-08-01,62,5,21,5,22,9,10,0,0
2016-09-01,60,10,20,2,15,5,15,0,1
2016-10-01,54,7,9,3,14,10,19,0,1
2016-11-01,37,5,15,3,5,6,9,0,0
2016-12-01,29,4,5,6,7,7,8,0,0
2017-01-01,42,6,12,12,3,5,9,0,1
2017-02-01,35,4,5,6,11,7,5,0,0
2017-03-01,34,3,5,4,4,8,12,0,0
2017-04-01,27,6,3,2,4,4,9,0,0
2017-05-01,33,3,15,4,6,5,6,0,1
2017-06-01,43,12,8,4,12,3,7,0,0
2017-07-01,45,5,10,3,10,6,15,0,0
2017-08-01,39,4,6,4,15,4,10,0,0
2017-09-01,61,7,12,6,25,7,11,0,1
2017-10-01,56,6,17,5,18,9,10,0,1
2017-11-01,21,1,7,2,2,0,12,0,0
2017-12-01,21,6,6,4,4,1,5,0,1
2018-01-01,23,3,6,5,5,3,4,0,1
2018-02-01,22,2,6,0,8,2,5,0,2
2018-03-01,21,0,5,4,4,1,8,0,0
2018-04-01,18,2,8,2,3,3,3,0,0
2018-05-01,26,7,8,2,5,2,4,0,3
2018-06-01,41,3,13,3,9,6,13,0,0
2018-07-01,53,8,20,5,3,5,18,0,1
2018-08-01,10,1,2,1,3,0,4,0,0
2018-09-01,7,1,2,1,2,1,1,0,0
2018-10-01,10,1,1,0,0,1,5,0,2
2018-11-01,11,1,2,1,2,2,5,0,1
2018-12-01,5,1,2,2,0,0,2,0,0
2019-01-01,8,3,2,0,0,0,4,0,0
2019-02-01,9,0,4,1,1,2,1,0,0
2019-03-01,13,3,5,0,1,4,4,0,0
2019-04-01,19,3,6,2,3,0,5,0,1
2019-05-01,22,2,4,2,1,5,8,0,2
2019-06-01,29,7,12,9,2,2,5,0,2
2019-07-01,35,10,10,1,1,4,13,0,2
2019-08-01,27,5,8,1,4,2,9,0,1
2019-09-01,29,7,3,2,3,6,10,0,2
2019-10-01,21,7,4,2,2,2,6,0,0
2019-11-01,19,5,5,0,2,3,5,1,1
2019-12-01,18,9,5,0,1,1,5,0,2
2020-01-01,20,4,5,2,1,2,8,0,0
2020-02-01,18,4,5,1,1,0,10,0,1
2020-03-01,19,5,6,1,0,0,7,0,1
2020-04-01,35,8,12,5,1,2,15,0,1
2020-05-01,36,5,14,1,1,4,13,0,0
2020-06-01,25,10,9,0,2,2,5,0,3
2020-07-01,16,7,9,2,1,0,1,0,3
2020-08-01,25,4,7,1,0,3,10,0,0
2020-09-01,14,4,5,0,0,0,6,0,1
2020-10-01,18,7,5,2,0,0,6,0,1
2020-11-01,8,3,3,1,0,1,2,0,0
2020-12-01,12,3,6,2,0,0,5,0,2
2021-01-01,14,4,9,1,2,0,2,0,1
2021-02-01,15,6,7,0,0,0,4,0,3
2021-03-01,16,4,7,1,1,2,2,0,1
2021-04-01,16,9,8,1,0,0,1,0,3
2021-05-01,14,9,7,1,0,1,1,0,0
2021-06-01,13,7,6,1,0,0,2,0,2
2021-07-01,8,3,6,1,0,0,1,0,2
2021-08-01,8,1,3,0,0,0,4,0,1
2021-09-01,4,3,1,0,0,0,0,0,2
2021-10-01,2,0,0,0,0,0,2,0,0
2021-11-01,6,1,3,0,0,2,1,0,2
2021-12-01,12,5,8,1,0,0,3,0,4
2022-01-01,10,3,6,0,0,1,3,0,1
2022-02-01,6,0,3,0,0,0,3,0,0
2022-03-01,7,4,5,1,0,0,0,0,3
2022-04-01,6,2,1,0,1,0,2,0,3
2022-05-01,10,5,6,2,0,0,0,0,6
2022-06-01,6,2,4,1,0,0,1,0,3
2022-07-01,11,4,6,0,1,0,2,0,4
2022-08-01,6,3,4,2,0,1,0,0,1
2022-09-01,5,3,2,0,0,0,0,0,3
2022-10-01,9,2,3,0,1,1,2,0,2
2022-11-01,4,1,3,0,0,1,0,0,0
2022-12-01,10,3,5,0,0,1,3,0,1
2023-01-01,10,5,7,2,0,0,1,0,1
2023-02-01,6,4,6,0,0,0,0,0,0
2023-03-01,5,2,3,1,0,0,0,0,2
2023-04-01,1,0,0,0,0,0,1,0,0
2023-05-01,5,2,4,0,0,0,1,0,0
2023-06-01,755,752,755,0,0,0,1,0,0
2023-07-01,1,1,1,1,0,0,0,0,0
2023-08-01,3,2,2,0,0,0,0,0,1
2023-09-01,5,3,4,1,0,0,0,0,1
2023-10-01,2,1,2,0,0,0,0,0,0
2023-11-01,11,5,7,1,0,0,1,0,3
2023-12-01,6,2,4,0,0,0,1,0,1
2024-01-01,8,5,5,0,0,0,2,0,1
2024-02-01,9,2,6,1,0,1,0,0,2
2024-03-01,10,2,10,1,0,0,0,0,7
2024-04-01,4,1,4,1,0,0,0,0,0
2024-05-01,10,3,6,1,0,0,1,0,2
2024-06-01,8,3,6,1,0,0,1,0,1
2024-07-01,5,1,2,0,0,0,2,0,1
2024-08-01,7,0,5,1,0,1,2,0,0
2024-09-01,7,2,4,0,0,0,1,0,2
2024-10-01,4,1,3,0,0,0,0,0,0
2024-11-01,21,7,14,1,0,1,3,0,4
2024-12-01,5,1,4,0,0,0,0,0,2
2025-01-01,12,0,10,0,0,0,2,0,0
2025-02-01,4,1,4,0,0,0,0,0,0
2025-03-01,4,0,4,0,0,0,0,0,0
2025-04-01,9,5,4,1,0,1,0,0,3
2025-05-01,11,2,8,0,0,0,2,0,0
2025-06-01,18,2,14,2,0,1,2,0,2
2025-07-01,11,1,11,1,0,0,0,0,1
2025-08-01,24,3,23,0,0,0,0,0,0
2025-09-01,14,1,12,0,0,0,1,0,1
2025-10-01,8,0,7,0,0,0,1,0,1
2025-11-01,2,0,1,0,0,0,1,0,0
2025-12-01,0,0,0,0,0,0,0,0,0
2026-01-01,1,1,0,1,0,0,0,0,0
2026-02-01,1,0,1,0,0,0,0,0,0
2026-03-01,2,0,2,1,0,0,0,0,0
2026-04-01,1,0,1,1,0,0,0,0,0
2026-05-01,0,0,0,0,0,0,0,0,0
2026-06-01,1,1,0,1,0,0,0,0,0
